Title,Handle,Body (HTML),Vendor,Product Category,Type,Tags,Published,Status,Option1 Name,Option1 Value,Option2 Name,Option2 Value,Option3 Name,Option3 Value,SKU,Price,Inventory policy,Inventory quantity,Requires shipping,Weight,Weight unit,Image Src,Image Position,Image alt text,Variant Image,SEO Title,SEO Description
Nike Sportswear Phoenix Fleece High-Rise Oversize Mavi Kadın Eşofman Altı,nike-sportswear-phoenix-fleece-high-rise-oversize-mavi-kad-n-e-ofman-alt,"<div class=""""product-features"""">
        <h3>Ürün Özellikleri</h3>
        <div class=""""features-list"""">
          <strong>Paça Tipi:</strong> Lastikli Paça<br><strong>Paça Boyu:</strong> Uzun<br><strong>Renk:</strong> Lacivert<br><strong>Bel:</strong> Yüksek Bel<br><strong>Kumaş Tipi:</strong> Dokuma<br><strong>Yıkama Talimatı:</strong> Type 1<br><strong>Boy:</strong> Standart<br><strong>Siluet:</strong> Oversize<br><strong>Desen:</strong> Düz<br><strong>Ek Özellik:</strong> Esnek<br><strong>Sürdürülebilirlik Detayı:</strong> Hayır<br><strong>Ortam:</strong> Günlük<br><strong>Paket İçeriği:</strong> Tekli<br><strong>Menşei:</strong> MY
        </div>
      </div>",Nike,Apparel & Accessories > Clothing,Clothing,"Kadın,Kadın Spor Outdoor,Kadın Spor Giyim,Kadın Eşofman,Kadın Eşofman Altı,Nike Kadın Eşofman Altı",TRUE,active,Size,XS,,,,,nike-sportswear-phoenix-fleece-high-rise-oversize-mavi-kad-n-e-ofman-alt-1,3161.35,deny,100,TRUE,500,g,https://cdn.dsmcdn.com/ty1609/prod/QC/20241204/14/12ebfa33-bf40-3e09-b939-317ccaa7187a/1_org_zoom.jpg,1,Nike Sportswear Phoenix Fleece High-Rise Oversize Mavi Kadın Eşofman Altı,,Nike Sportswear Phoenix Fleece High-Rise Oversize Mavi Kadın Eşofman Altı,Paça Tipi: Lastikli Paça. Paça Boyu: Uzun. Renk: Lacivert. Bel: Yüksek Bel. Kumaş Tipi: Dokuma. Yıkama Talimatı: Type 1. Boy: Standart. Siluet: Oversize. Desen: Düz. Ek Özellik: Esnek. Sürdürülebilirlik Detayı: Hayır. Ortam: Günlük. Paket İçeriği: Tekli. Menşei: MY
,nike-sportswear-phoenix-fleece-high-rise-oversize-mavi-kad-n-e-ofman-alt,"<div class=""""product-features"""">
        <h3>Ürün Özellikleri</h3>
        <div class=""""features-list"""">
          <strong>Paça Tipi:</strong> Lastikli Paça<br><strong>Paça Boyu:</strong> Uzun<br><strong>Renk:</strong> Lacivert<br><strong>Bel:</strong> Yüksek Bel<br><strong>Kumaş Tipi:</strong> Dokuma<br><strong>Yıkama Talimatı:</strong> Type 1<br><strong>Boy:</strong> Standart<br><strong>Siluet:</strong> Oversize<br><strong>Desen:</strong> Düz<br><strong>Ek Özellik:</strong> Esnek<br><strong>Sürdürülebilirlik Detayı:</strong> Hayır<br><strong>Ortam:</strong> Günlük<br><strong>Paket İçeriği:</strong> Tekli<br><strong>Menşei:</strong> MY
        </div>
      </div>",Nike,Apparel & Accessories > Clothing,Clothing,"Kadın,Kadın Spor Outdoor,Kadın Spor Giyim,Kadın Eşofman,Kadın Eşofman Altı,Nike Kadın Eşofman Altı",TRUE,active,Size,S,,,,,nike-sportswear-phoenix-fleece-high-rise-oversize-mavi-kad-n-e-ofman-alt-size-1,3161.35,deny,100,TRUE,500,g,,,,,,
,nike-sportswear-phoenix-fleece-high-rise-oversize-mavi-kad-n-e-ofman-alt,"<div class=""""product-features"""">
        <h3>Ürün Özellikleri</h3>
        <div class=""""features-list"""">
          <strong>Paça Tipi:</strong> Lastikli Paça<br><strong>Paça Boyu:</strong> Uzun<br><strong>Renk:</strong> Lacivert<br><strong>Bel:</strong> Yüksek Bel<br><strong>Kumaş Tipi:</strong> Dokuma<br><strong>Yıkama Talimatı:</strong> Type 1<br><strong>Boy:</strong> Standart<br><strong>Siluet:</strong> Oversize<br><strong>Desen:</strong> Düz<br><strong>Ek Özellik:</strong> Esnek<br><strong>Sürdürülebilirlik Detayı:</strong> Hayır<br><strong>Ortam:</strong> Günlük<br><strong>Paket İçeriği:</strong> Tekli<br><strong>Menşei:</strong> MY
        </div>
      </div>",Nike,Apparel & Accessories > Clothing,Clothing,"Kadın,Kadın Spor Outdoor,Kadın Spor Giyim,Kadın Eşofman,Kadın Eşofman Altı,Nike Kadın Eşofman Altı",TRUE,active,Size,M,,,,,nike-sportswear-phoenix-fleece-high-rise-oversize-mavi-kad-n-e-ofman-alt-size-2,3161.35,deny,100,TRUE,500,g,,,,,,
,nike-sportswear-phoenix-fleece-high-rise-oversize-mavi-kad-n-e-ofman-alt,"<div class=""""product-features"""">
        <h3>Ürün Özellikleri</h3>
        <div class=""""features-list"""">
          <strong>Paça Tipi:</strong> Lastikli Paça<br><strong>Paça Boyu:</strong> Uzun<br><strong>Renk:</strong> Lacivert<br><strong>Bel:</strong> Yüksek Bel<br><strong>Kumaş Tipi:</strong> Dokuma<br><strong>Yıkama Talimatı:</strong> Type 1<br><strong>Boy:</strong> Standart<br><strong>Siluet:</strong> Oversize<br><strong>Desen:</strong> Düz<br><strong>Ek Özellik:</strong> Esnek<br><strong>Sürdürülebilirlik Detayı:</strong> Hayır<br><strong>Ortam:</strong> Günlük<br><strong>Paket İçeriği:</strong> Tekli<br><strong>Menşei:</strong> MY
        </div>
      </div>",Nike,Apparel & Accessories > Clothing,Clothing,"Kadın,Kadın Spor Outdoor,Kadın Spor Giyim,Kadın Eşofman,Kadın Eşofman Altı,Nike Kadın Eşofman Altı",TRUE,active,Size,L,,,,,nike-sportswear-phoenix-fleece-high-rise-oversize-mavi-kad-n-e-ofman-alt-size-3,3161.35,deny,100,TRUE,500,g,,,,,,
