Title,URL handle,Description,Vendor,Product category,Type,Tags,Published on online store,Status,SKU,Barcode,Option1 name,Option1 value,Option2 name,Option2 value,Option3 name,Option3 value,Price,Price / International,Compare-at price,Compare-at price / International,Cost per item,Charge tax,Tax code,Inventory tracker,Inventory quantity,Continue selling when out of stock,Weight value (grams),Weight unit for display,Requires shipping,Fulfillment service,Product image URL,Image position,Image alt text,Variant image URL,Gift card,SEO title,SEO description,Google Shopping / Google product category,Google Shopping / Gender,Google Shopping / Age group,Google Shopping / MPN,Google Shopping / AdWords Grouping,Google Shopping / AdWords labels,Google Shopping / Condition,Google Shopping / Custom product,Google Shopping / Custom label 0,Google Shopping / Custom label 1,Google Shopping / Custom label 2,Google Shopping / Custom label 3,Google Shopping / Custom label 4
Example T-Shirt,example-t-shirt,,Acme,Apparel & Accessories > Clothing,Shirts,mens t-shirt example,TRUE,active,,,Title,"Lithograph - Height: 9"" x Width: 12""",,,,,25,,,,,TRUE,,,,deny,3629,g,TRUE,manual,https://burst.shopifycdn.com/photos/green-t-shirt.jpg?width=5000,1,,,FALSE,Our awesome T-shirt in 70 characters or less.,A great description of your products in 320 characters or less,Apparel & Accessories > Clothing,Unisex,Adult,7X8ABC910,T-shirts,"cotton, pre-shrunk",used,FALSE,,,,,
,example-t-shirt,,,,,,,,example-shirt-s,,,Small,,,,,19.99,,24.99,,,TRUE,,,,deny,200,g,TRUE,manual,,,,,,,,,,,,,,,,,,,,
,example-t-shirt,,,,,,,,example-shirt-m,,,Medium,,,,,19.99,,24.99,,,TRUE,,shopify,,deny,200,g,TRUE,manual,,,,,,,,,,,,,,,,,,,,
Example Pants,example-pants,,Acme,Apparel & Accessories > Clothing,Pants,mens pants example,FALSE,draft,,,Title,"Jeans, W32H34",,,,,49.99,,57.99,,,TRUE,,,,deny,1250,g,TRUE,manual,https://burst.shopifycdn.com/photos/distressed-kids-jeans.jpg?width=5000,1,,,FALSE,Our awesome Pants in 70 characters or less.,A great description of your products in 320 characters or less,Apparel & Accessories > Clothing,Unisex,Adult,7Y2ABD712,Pants,"cotton, pre-shrunk",used,FALSE,,,,,
Example Hat,example-hat,,Acme,Apparel & Accessories > Clothing,Hat,mens hat example,FALSE,archived,,,Title,Grey,,,,,17.99,,22.99,,,TRUE,,,,deny,275,g,TRUE,manual,https://burst.shopifycdn.com/photos/kids-beanie.jpg?width=5000,1,,,FALSE,Our awesome Hat in 70 characters or less.,A great description of your products in 320 characters or less,Apparel & Accessories > Clothing,Unisex,Adult,5P1NBQ314,Hat,"cotton, pre-shrunk",used,FALSE,,,,,  